"Epoch","FCNN_Late_Fusion_ultrasound - _step","FCNN_Late_Fusion_ultrasound - _step__MIN","FCNN_Late_Fusion_ultrasound - _step__MAX","FCNN_Late_Fusion_ultrasound - Loss/Train","FCNN_Late_Fusion_ultrasound - Loss/Train__MIN","FCNN_Late_Fusion_ultrasound - Loss/Train__MAX","FCNN_Mid_Fusion_ultrasound - _step","FCNN_Mid_Fusion_ultrasound - _step__MIN","FCNN_Mid_Fusion_ultrasound - _step__MAX","FCNN_Mid_Fusion_ultrasound - Loss/Train","FCNN_Mid_Fusion_ultrasound - Loss/Train__MIN","FCNN_Mid_Fusion_ultrasound - Loss/Train__MAX","FCNN_no_ultrasound - _step","FCNN_no_ultrasound - _step__MIN","FCNN_no_ultrasound - _step__MAX","FCNN_no_ultrasound - Loss/Train","FCNN_no_ultrasound - Loss/Train__MIN","FCNN_no_ultrasound - Loss/Train__MAX","IMAV_Late_Fusion_ultrasound - _step","IMAV_Late_Fusion_ultrasound - _step__MIN","IMAV_Late_Fusion_ultrasound - _step__MAX","IMAV_Late_Fusion_ultrasound - Loss/Train","IMAV_Late_Fusion_ultrasound - Loss/Train__MIN","IMAV_Late_Fusion_ultrasound - Loss/Train__MAX","IMAV_Mid_Fusion_ultrasound - _step","IMAV_Mid_Fusion_ultrasound - _step__MIN","IMAV_Mid_Fusion_ultrasound - _step__MAX","IMAV_Mid_Fusion_ultrasound - Loss/Train","IMAV_Mid_Fusion_ultrasound - Loss/Train__MIN","IMAV_Mid_Fusion_ultrasound - Loss/Train__MAX","IMAV_no_ultrasound - _step","IMAV_no_ultrasound - _step__MIN","IMAV_no_ultrasound - _step__MAX","IMAV_no_ultrasound - Loss/Train","IMAV_no_ultrasound - Loss/Train__MIN","IMAV_no_ultrasound - Loss/Train__MAX","UNet_Late_Fusion_ultrasound - _step","UNet_Late_Fusion_ultrasound - _step__MIN","UNet_Late_Fusion_ultrasound - _step__MAX","UNet_Late_Fusion_ultrasound - Loss/Train","UNet_Late_Fusion_ultrasound - Loss/Train__MIN","UNet_Late_Fusion_ultrasound - Loss/Train__MAX","UNet_Mid_Fusion_ultrasound - _step","UNet_Mid_Fusion_ultrasound - _step__MIN","UNet_Mid_Fusion_ultrasound - _step__MAX","UNet_Mid_Fusion_ultrasound - Loss/Train","UNet_Mid_Fusion_ultrasound - Loss/Train__MIN","UNet_Mid_Fusion_ultrasound - Loss/Train__MAX","UNet_no_ultrasound - _step","UNet_no_ultrasound - _step__MIN","UNet_no_ultrasound - _step__MAX","UNet_no_ultrasound - Loss/Train","UNet_no_ultrasound - Loss/Train__MIN","UNet_no_ultrasound - Loss/Train__MAX"
"0","0","0","0","0.329085278014342","0.329085278014342","0.329085278014342","0","0","0","0.2605887825290362","0.2605887825290362","0.2605887825290362","0","0","0","0.3042482143888871","0.3042482143888871","0.3042482143888871","23.5","0","47","3.103594877762234","2.7125814110040665","4.603955507278442","23.5","0","47","3.1584509997626355","2.665451536575953","4.769230961799622","23.5","0","47","3.04864951703823","2.701954240600268","4.14280366897583","0","0","0","0.2681721967334549","0.2681721967334549","0.2681721967334549","0","0","0","0.7715061716735363","0.7715061716735363","0.7715061716735363","0","0","0","0.2443793990338842","0.2443793990338842","0.2443793990338842"
"1","3","3","3","0.2179474007959167","0.2179474007959167","0.2179474007959167","3","3","3","0.19600665972878537","0.19600665972878537","0.19600665972878537","3","3","3","0.27431433213253814","0.27431433213253814","0.27431433213253814","72.5","49","96","2.3122372557925392","2.2580218811829886","2.405528426170349","72.5","49","96","1.9807347586108588","1.9077470302581787","2.0495105584462485","72.5","49","96","2.323689065293674","2.2937301993370056","2.4008166790008545","3","3","3","0.17920543036113182","0.17920543036113182","0.17920543036113182","3","3","3","0.6382575122018656","0.6382575122018656","0.6382575122018656","3","3","3","0.23026764454940954","0.23026764454940954","0.23026764454940954"
"2","6","6","6","0.2036270573735237","0.2036270573735237","0.2036270573735237","6","6","6","0.1817620707054933","0.1817620707054933","0.1817620707054933","6","6","6","0.26093325670808554","0.26093325670808554","0.26093325670808554","121.5","98","145","2.0299781460348276","1.9457290942470233","2.1118971347808837","121.5","98","145","1.7832332572743033","1.7568044662475586","1.8159749507904053","121.5","98","145","2.17141033415744","2.1417994499206543","2.195163607597351","6","6","6","0.1538789157445232","0.1538789157445232","0.1538789157445232","6","6","6","0.5387207648406426","0.5387207648406426","0.5387207648406426","6","6","6","0.2227648114785552","0.2227648114785552","0.2227648114785552"
"3","9","9","9","0.19312958170970282","0.19312958170970282","0.19312958170970282","9","9","9","0.17135652371992668","0.17135652371992668","0.17135652371992668","9","9","9","0.25033909175544977","0.25033909175544977","0.25033909175544977","170.5","147","194","1.7789512978055002","1.7644450465838115","1.7894024848937988","170.5","147","194","1.672508418745142","1.6544607514920442","1.6998666524887085","170.5","147","194","2.0733698873386337","2.0552238474289575","2.09435772895813","9","9","9","0.14924002966533104","0.14924002966533104","0.14924002966533104","9","9","9","0.4171651639044285","0.4171651639044285","0.4171651639044285","9","9","9","0.21715939044952393","0.21715939044952393","0.21715939044952393"
"4","12","12","12","0.18416454022129378","0.18416454022129378","0.18416454022129378","12","12","12","0.1648698921004931","0.1648698921004931","0.1648698921004931","12","12","12","0.24152262446781","0.24152262446781","0.24152262446781","219.5","196","243","1.7166145322840425","1.6991873656709988","1.7511717081069946","219.5","196","243","1.5998201634669658","1.5778436586260796","1.682369589805603","219.5","196","243","2.000161337923712","1.976146823167801","2.0401236057281493","12","12","12","0.14743802572290102","0.14743802572290102","0.14743802572290102","12","12","12","0.29044710099697113","0.29044710099697113","0.29044710099697113","12","12","12","0.21278118124852577","0.21278118124852577","0.21278118124852577"
"5","15","15","15","0.17729789639512697","0.17729789639512697","0.17729789639512697","15","15","15","0.16093539260327816","0.16093539260327816","0.16093539260327816","15","15","15","0.23497954135139784","0.23497954135139784","0.23497954135139784","268.5","245","292","1.6684199132504849","1.6490490994554885","1.6931306719779968","268.5","245","292","1.5057646920207588","1.4855159223079681","1.5196197827657063","268.5","245","292","1.9133713416065332","1.902117873941149","1.9409393072128296","15","15","15","0.14603461821873984","0.14603461821873984","0.14603461821873984","15","15","15","0.18709383253008127","0.18709383253008127","0.18709383253008127","15","15","15","0.20963103510439396","0.20963103510439396","0.20963103510439396"
"6","18","18","18","0.17316165752708912","0.17316165752708912","0.17316165752708912","18","18","18","0.15753353325029215","0.15753353325029215","0.15753353325029215","18","18","18","0.22974984751393399","0.22974984751393399","0.22974984751393399","317.5","294","341","1.6137683002781598","1.6062763820994983","1.6221940517425537","317.5","294","341","1.4746008852617962","1.455869886610243","1.5295202732086182","317.5","294","341","1.871908417459381","1.860000721432946","1.8917627731959026","18","18","18","0.1446933209275206","0.1446933209275206","0.1446933209275206","18","18","18","0.15700934982548156","0.15700934982548156","0.15700934982548156","18","18","18","0.20707223967959484","0.20707223967959484","0.20707223967959484"
"7","21","21","21","0.16630077082663774","0.16630077082663774","0.16630077082663774","21","21","21","0.15664663507292667","0.15664663507292667","0.15664663507292667","21","21","21","0.22622201032936573","0.22622201032936573","0.22622201032936573","366.5","343","390","1.568516716379154","1.5549644761615329","1.5881978273391724","366.5","343","390","1.4344221851429007","1.4164343376954396","1.4975085258483887","366.5","343","390","1.8084686125683367","1.7998327120490696","1.8223139882087707","21","21","21","0.14305575440327326","0.14305575440327326","0.14305575440327326","21","21","21","0.15427070731918016","0.15427070731918016","0.15427070731918016","21","21","21","0.20462133983771005","0.20462133983771005","0.20462133983771005"
"8","24","24","24","0.16475030314177275","0.16475030314177275","0.16475030314177275","24","24","24","0.1538262078538537","0.1538262078538537","0.1538262078538537","24","24","24","0.22329420999934277","0.22329420999934277","0.22329420999934277","415.5","392","439","1.539268533556922","1.5047950744628906","1.5593321323394775","415.5","392","439","1.3949088029003676","1.372153193392652","1.433521568775177","415.5","392","439","1.7633600962995193","1.7514051894346874","1.800825794537862","24","24","24","0.14183379337191582","0.14183379337191582","0.14183379337191582","24","24","24","0.15240636840462685","0.15240636840462685","0.15240636840462685","24","24","24","0.20283247344195843","0.20283247344195843","0.20283247344195843"
"9","27","27","27","0.16219703884174427","0.16219703884174427","0.16219703884174427","27","27","27","0.15210609262188277","0.15210609262188277","0.15210609262188277","27","27","27","0.2212214988345901","0.2212214988345901","0.2212214988345901","464.5","441","488","1.5016457179999876","1.470402479171753","1.5151093764738603","464.5","441","488","1.3353535600087991","1.3215899765491486","1.3499961853027345","464.5","441","488","1.7273262370611928","1.720102071762085","1.7741788029670715","27","27","27","0.1409212670599421","0.1409212670599421","0.1409212670599421","27","27","27","0.15123312020053467","0.15123312020053467","0.15123312020053467","27","27","27","0.2007846599444747","0.2007846599444747","0.2007846599444747"
"10","30","30","30","0.1584473168477416","0.1584473168477416","0.1584473168477416","30","30","30","0.1507168347015977","0.1507168347015977","0.1507168347015977","30","30","30","0.21953954889128605","0.21953954889128605","0.21953954889128605","513.5","490","537","1.4904900260933645","1.4743655254674513","1.5724668502807617","513.5","490","537","1.3072647707457492","1.2737548351287842","1.3188588454805572","513.5","490","537","1.6900413907890697","1.6759330726438952","1.7299405336380005","30","30","30","0.139985345924894","0.139985345924894","0.139985345924894","30","30","30","0.1506236158311367","0.1506236158311367","0.1506236158311367","30","30","30","0.1990407221019268","0.1990407221019268","0.1990407221019268"
"11","33","33","33","0.15781295113265514","0.15781295113265514","0.15781295113265514","33","33","33","0.15027744912852845","0.15027744912852845","0.15027744912852845","33","33","33","0.21813351412614188","0.21813351412614188","0.21813351412614188","562.5","539","586","1.4523673862435222","1.4318137168884277","1.4776413440704346","562.5","539","586","1.2893707076669276","1.279110960662365","1.3730213642120361","562.5","539","586","1.6624588811422052","1.6515074670314789","1.6832598745822906","33","33","33","0.13943686770896116","0.13943686770896116","0.13943686770896116","33","33","33","0.14973014251639447","0.14973014251639447","0.14973014251639447","33","33","33","0.19776725272337595","0.19776725272337595","0.19776725272337595"
"12","36","36","36","0.15613197783629099","0.15613197783629099","0.15613197783629099","36","36","36","0.14905275031924248","0.14905275031924248","0.14905275031924248","36","36","36","0.21614232131590447","0.21614232131590447","0.21614232131590447","611.5","588","635","1.415115494792859","1.3970612552430894","1.4658770561218262","611.5","588","635","1.248460284867542","1.2241779565811157","1.2726255655288696","611.5","588","635","1.616027415306814","1.5739257335662842","1.6387072975436847","36","36","36","0.1388737509648005","0.1388737509648005","0.1388737509648005","36","36","36","0.14931539570291838","0.14931539570291838","0.14931539570291838","36","36","36","0.1960505216072003","0.1960505216072003","0.1960505216072003"
"13","39","39","39","0.1554698757827282","0.1554698757827282","0.1554698757827282","39","39","39","0.1491308162609736","0.1491308162609736","0.1491308162609736","39","39","39","0.21582348085939884","0.21582348085939884","0.21582348085939884","660.5","637","684","1.383404290668744","1.3547114729881287","1.3969781637191772","660.5","637","684","1.2146394444953688","1.1545753479003906","1.2254447221755982","660.5","637","684","1.5989238174039215","1.5865624860713357","1.627268460061815","39","39","39","0.13821781737109026","0.13821781737109026","0.13821781737109026","39","39","39","0.1491982601583004","0.1491982601583004","0.1491982601583004","39","39","39","0.1949408274764816","0.1949408274764816","0.1949408274764816"
"14","42","42","42","0.15412921334306398","0.15412921334306398","0.15412921334306398","42","42","42","0.14741214830428362","0.14741214830428362","0.14741214830428362","42","42","42","0.2135183224454522","0.2135183224454522","0.2135183224454522","709.5","686","733","1.3615265434438646","1.3450836287604437","1.469006061553955","709.5","686","733","1.1936889302687639","1.1704248189926147","1.2218289971351624","709.5","686","733","1.5464050119068231","1.5289202332496643","1.5587806593288074","42","42","42","0.1376471177985271","0.1376471177985271","0.1376471177985271","42","42","42","0.14936862730731568","0.14936862730731568","0.14936862730731568","42","42","42","0.19363054695228735","0.19363054695228735","0.19363054695228735"
"15","45","45","45","0.15385121821115413","0.15385121821115413","0.15385121821115413","45","45","45","0.1478058366725842","0.1478058366725842","0.1478058366725842","45","45","45","0.21228764423479637","0.21228764423479637","0.21228764423479637","758.5","735","782","1.3264847406505533","1.3072490692138672","1.4215731620788574","758.5","735","782","1.14958860059052","1.109776258468628","1.1630853745672438","758.5","735","782","1.5135843129684803","1.5027494430541992","1.5255870413272938","45","45","45","0.13725307459632555","0.13725307459632555","0.13725307459632555","45","45","45","0.14896059532960257","0.14896059532960257","0.14896059532960257","45","45","45","0.1928547117859125","0.1928547117859125","0.1928547117859125"
"16","48","48","48","0.1523062763735652","0.1523062763735652","0.1523062763735652","48","48","48","0.1473435079678893","0.1473435079678893","0.1473435079678893","48","48","48","0.21150640025734901","0.21150640025734901","0.21150640025734901","807.5","784","831","1.294107274367151","1.27373548746109","1.3052623271942139","807.5","784","831","1.1214868284108037","1.095531940460205","1.1527471542358398","807.5","784","831","1.5129302786820757","1.4931570900247453","1.540026585261027","48","48","48","0.1368789430707693","0.1368789430707693","0.1368789430707693","48","48","48","0.14856611595799527","0.14856611595799527","0.14856611595799527","48","48","48","0.19126356299966574","0.19126356299966574","0.19126356299966574"
"17","51","51","51","0.15254059682289758","0.15254059682289758","0.15254059682289758","51","51","51","0.14654111862182617","0.14654111862182617","0.14654111862182617","51","51","51","0.21212099865078926","0.21212099865078926","0.21212099865078926","856.5","833","880","1.2498738092511312","1.2060022354125977","1.2578710615634918","856.5","833","880","1.1068772026908844","1.0993280410766602","1.1276055063520158","856.5","833","880","1.435540335746124","1.4178408284982045","1.4629839062690735","51","51","51","0.13655147732545933","0.13655147732545933","0.13655147732545933","51","51","51","0.14896375375489393","0.14896375375489393","0.14896375375489393","51","51","51","0.19046620652079582","0.19046620652079582","0.19046620652079582"
"18","54","54","54","0.1521049222598473","0.1521049222598473","0.1521049222598473","54","54","54","0.14608321928729615","0.14608321928729615","0.14608321928729615","54","54","54","0.21136832299331823","0.21136832299331823","0.21136832299331823","905.5","882","929","1.212173889829327","1.19521564245224","1.2234803798586824","905.5","882","929","1.0965647992504248","1.0823202819535227","1.1791460514068604","905.5","882","929","1.3992582651996377","1.39093755147396","1.4529998302459717","54","54","54","0.13609397131949663","0.13609397131949663","0.13609397131949663","54","54","54","0.14791035496940216","0.14791035496940216","0.14791035496940216","54","54","54","0.1893924322600166","0.1893924322600166","0.1893924322600166"
"19","57","57","57","0.15447337397684655","0.15447337397684655","0.15447337397684655","57","57","57","0.1454826444387436","0.1454826444387436","0.1454826444387436","57","57","57","0.21118174493312836","0.21118174493312836","0.21118174493312836","954.5","931","978","1.1629323335060344","1.1482858737309773","1.198434829711914","954.5","931","978","1.057105726209426","0.9951690435409546","1.0668636818189878","954.5","931","978","1.352952840319008","1.3255977630615234","1.372527725994587","57","57","57","0.13612146272013584","0.13612146272013584","0.13612146272013584","57","57","57","0.14767681900411844","0.14767681900411844","0.14767681900411844","57","57","57","0.1883637004842361","0.1883637004842361","0.1883637004842361"
"20","60","60","60","0.15200292908897003","0.15200292908897003","0.15200292908897003","60","60","60","0.14601813474049172","0.14601813474049172","0.14601813474049172","60","60","60","0.21102387985835472","0.21102387985835472","0.21102387985835472","1003.5","980","1027","1.1236457339485124","1.0714640617370605","1.1448468999429182","1003.5","980","1027","1.0133412423975632","0.996531069278717","1.0233103062795557","1003.5","980","1027","1.324656789910491","1.3043369203805923","1.3418991565704346","60","60","60","0.13559361143658558","0.13559361143658558","0.13559361143658558","60","60","60","0.14654065016657114","0.14654065016657114","0.14654065016657114","60","60","60","0.18705354072153568","0.18705354072153568","0.18705354072153568"
"21","63","63","63","0.15058235389490923","0.15058235389490923","0.15058235389490923","63","63","63","0.14523542734483877","0.14523542734483877","0.14523542734483877","63","63","63","0.2097064247354865","0.2097064247354865","0.2097064247354865","1052.5","1029","1076","1.0935136688601557","1.078586572408676","1.1709766387939453","1052.5","1029","1076","0.9924416099492027","0.9799553155899048","1.0362572073936462","1052.5","1029","1076","1.2859472398231209","1.2511310577392578","1.2929863805572193","63","63","63","0.13536836889882883","0.13536836889882883","0.13536836889882883","63","63","63","0.1463717104246219","0.1463717104246219","0.1463717104246219","63","63","63","0.18626306702693304","0.18626306702693304","0.18626306702693304"
"22","66","66","66","0.15081332934399447","0.15081332934399447","0.15081332934399447","66","66","66","0.14482784488548836","0.14482784488548836","0.14482784488548836","66","66","66","0.20870396681129932","0.20870396681129932","0.20870396681129932","1101.5","1078","1125","1.0492929441923133","1.0117714405059814","1.0603614052136738","1101.5","1078","1125","0.9322475456916717","0.9036211172739664","0.9484959308137285","1101.5","1078","1125","1.2315395765073136","1.2044376134872437","1.2477738578268822","66","66","66","0.13514675199985504","0.13514675199985504","0.13514675199985504","66","66","66","0.14618024043738842","0.14618024043738842","0.14618024043738842","66","66","66","0.18561208248138428","0.18561208248138428","0.18561208248138428"
"23","69","69","69","0.15018426440656185","0.15018426440656185","0.15018426440656185","69","69","69","0.1447525965049863","0.1447525965049863","0.1447525965049863","69","69","69","0.210178481725355","0.210178481725355","0.210178481725355","1150.5","1127","1174","0.9809405463527846","0.9508326649665833","0.992876456429561","1150.5","1127","1174","0.9008837526512478","0.8511596918106079","0.9159135023752848","1150.5","1127","1174","1.1774068431363476","1.1567917040416174","1.2391777038574219","69","69","69","0.1350114718079567","0.1350114718079567","0.1350114718079567","69","69","69","0.14593411268045506","0.14593411268045506","0.14593411268045506","69","69","69","0.1844750645880898","0.1844750645880898","0.1844750645880898"
"24","72","72","72","0.15193259653945765","0.15193259653945765","0.15193259653945765","72","72","72","0.1438830035428206","0.1438830035428206","0.1438830035428206","72","72","72","0.20901882834732533","0.20901882834732533","0.20901882834732533","1199.5","1176","1223","0.9541970229930081","0.9366865243230548","0.9735140204429626","1199.5","1176","1223","0.8828015049649182","0.8474382162094116","0.8988364338874817","1199.5","1176","1223","1.1521742015748868","1.1420782664242912","1.1783039569854736","72","72","72","0.13469039152065912","0.13469039152065912","0.13469039152065912","72","72","72","0.14558159156392017","0.14558159156392017","0.14558159156392017","72","72","72","0.18357926110426584","0.18357926110426584","0.18357926110426584"
"25","75","75","75","0.15089482317368189","0.15089482317368189","0.15089482317368189","75","75","75","0.1444649544234077","0.1444649544234077","0.1444649544234077","75","75","75","0.20969074685126543","0.20969074685126543","0.20969074685126543","1248.5","1225","1272","0.9308497408883151","0.900679349899292","0.9390239963928858","1248.5","1225","1272","0.8416355916596449","0.8028179407119751","0.8516995072364807","1248.5","1225","1272","1.0990924482440916","1.0440773566563923","1.129167231420676","75","75","75","0.13463184951494137","0.13463184951494137","0.13463184951494137","75","75","75","0.14570697086552778","0.14570697086552778","0.14570697086552778","75","75","75","0.18300125189125538","0.18300125189125538","0.18300125189125538"
"26","78","78","78","0.14991831655303636","0.14991831655303636","0.14991831655303636","78","78","78","0.14362429548054934","0.14362429548054934","0.14362429548054934","78","78","78","0.20765159806857506","0.20765159806857506","0.20765159806857506","1297.5","1274","1321","0.8833293779693294","0.8124967813491821","0.8936467543244362","1297.5","1274","1321","0.7974829126985998","0.7700918614864349","0.817332877467076","1297.5","1274","1321","1.0763473396084886","1.0424356659253438","1.1050287733475368","78","78","78","0.13441167523463568","0.13441167523463568","0.13441167523463568","78","78","78","0.14484295869867006","0.14484295869867006","0.14484295869867006","78","78","78","0.18217580392956734","0.18217580392956734","0.18217580392956734"
"27","81","81","81","0.149707089488705","0.149707089488705","0.149707089488705","81","81","81","0.1438939506188035","0.1438939506188035","0.1438939506188035","81","81","81","0.20716665033251047","0.20716665033251047","0.20716665033251047","1346.5","1323","1370","0.8583715044163044","0.7687913179397583","0.8736506480237712","1346.5","1323","1370","0.7844180639199018","0.7661559283733368","0.8248427510261536","1346.5","1323","1370","1.0519349085114424","1.036304271221161","1.0902239084243774","81","81","81","0.13409834075719118","0.13409834075719118","0.13409834075719118","81","81","81","0.14476128419240317","0.14476128419240317","0.14476128419240317","81","81","81","0.18106027009586492","0.18106027009586492","0.18106027009586492"
"28","84","84","84","0.14917075292517742","0.14917075292517742","0.14917075292517742","84","84","84","0.14414357331891856","0.14414357331891856","0.14414357331891856","84","84","84","0.20677633055796227","0.20677633055796227","0.20677633055796227","1395.5","1372","1419","0.8388290334493447","0.8019931614398956","0.850760810650312","1395.5","1372","1419","0.7433273931315315","0.690700501203537","0.7516230902773269","","","","","","","84","84","84","0.13403824251145124","0.13403824251145124","0.13403824251145124","84","84","84","0.14447879946480194","0.14447879946480194","0.14447879946480194","84","84","84","0.18051787465810776","0.18051787465810776","0.18051787465810776"
"29","87","87","87","0.14995419575522342","0.14995419575522342","0.14995419575522342","87","87","87","0.1429804548000296","0.1429804548000296","0.1429804548000296","87","87","87","0.20624767212818065","0.20624767212818065","0.20624767212818065","1444.5","1421","1468","0.7687289915584291","0.7168402671813965","0.7873114049434662","1444.5","1421","1468","0.6999728076453317","0.6781804084777832","0.7194785824636134","","","","","","","87","87","87","0.13411659530053535","0.13411659530053535","0.13411659530053535","87","87","87","0.14361624885350466","0.14361624885350466","0.14361624885350466","87","87","87","0.1798997869094213","0.1798997869094213","0.1798997869094213"
"30","90","90","90","0.15262089700748524","0.15262089700748524","0.15262089700748524","90","90","90","0.14325293929626545","0.14325293929626545","0.14325293929626545","90","90","90","0.20649666463335356","0.20649666463335356","0.20649666463335356","1493.5","1470","1517","0.7315625141132059","0.6882202625274658","0.7486632727086544","","","","","","","","","","","","","90","90","90","0.133732662225763","0.133732662225763","0.133732662225763","90","90","90","0.1436614766716957","0.1436614766716957","0.1436614766716957","90","90","90","0.1791574896002809","0.1791574896002809","0.1791574896002809"
"31","93","93","93","0.1503418618813157","0.1503418618813157","0.1503418618813157","93","93","93","0.142338698108991","0.142338698108991","0.142338698108991","93","93","93","0.20784242575367293","0.20784242575367293","0.20784242575367293","1542.5","1519","1566","0.7012178852329146","0.6231774091720581","0.7240293423334757","","","","","","","","","","","","","93","93","93","0.13353512963900963","0.13353512963900963","0.13353512963900963","93","93","93","0.1429644568512837","0.1429644568512837","0.1429644568512837","93","93","93","0.17874101921916008","0.17874101921916008","0.17874101921916008"
"32","96","96","96","0.14973483110467592","0.14973483110467592","0.14973483110467592","96","96","96","0.14346875653912625","0.14346875653912625","0.14346875653912625","96","96","96","0.20606624986976385","0.20606624986976385","0.20606624986976385","","","","","","","","","","","","","","","","","","","96","96","96","0.13358542757729688","0.13358542757729688","0.13358542757729688","96","96","96","0.14280516126503548","0.14280516126503548","0.14280516126503548","96","96","96","0.17824825582404932","0.17824825582404932","0.17824825582404932"
"33","99","99","99","0.1497082912052671","0.1497082912052671","0.1497082912052671","99","99","99","0.1430440666154027","0.1430440666154027","0.1430440666154027","99","99","99","0.20528905714551607","0.20528905714551607","0.20528905714551607","","","","","","","","","","","","","","","","","","","99","99","99","0.13333939295262098","0.13333939295262098","0.13333939295262098","99","99","99","0.14264353550970554","0.14264353550970554","0.14264353550970554","99","99","99","0.1775762690231204","0.1775762690231204","0.1775762690231204"
"34","102","102","102","0.14879731771846613","0.14879731771846613","0.14879731771846613","102","102","102","0.14297891532381377","0.14297891532381377","0.14297891532381377","102","102","102","0.20537694108982882","0.20537694108982882","0.20537694108982882","","","","","","","","","","","","","","","","","","","102","102","102","0.13324288791045547","0.13324288791045547","0.13324288791045547","102","102","102","0.14178575295954943","0.14178575295954943","0.14178575295954943","102","102","102","0.17723254611094794","0.17723254611094794","0.17723254611094794"
"35","105","105","105","0.1487404148404797","0.1487404148404797","0.1487404148404797","105","105","105","0.14265114658822617","0.14265114658822617","0.14265114658822617","105","105","105","0.20522965459773937","0.20522965459773937","0.20522965459773937","","","","","","","","","","","","","","","","","","","105","105","105","0.1330862514053782","0.1330862514053782","0.1330862514053782","105","105","105","0.14125936261067787","0.14125936261067787","0.14125936261067787","105","105","105","0.17670169255385795","0.17670169255385795","0.17670169255385795"
"36","108","108","108","0.14988785392294326","0.14988785392294326","0.14988785392294326","108","108","108","0.14305539460231861","0.14305539460231861","0.14305539460231861","108","108","108","0.2047213977202773","0.2047213977202773","0.2047213977202773","","","","","","","","","","","","","","","","","","","108","108","108","0.13315021712332964","0.13315021712332964","0.13315021712332964","108","108","108","0.14123040437698364","0.14123040437698364","0.14123040437698364","108","108","108","0.17589251759151617","0.17589251759151617","0.17589251759151617"
"37","111","111","111","0.14901801260809103","0.14901801260809103","0.14901801260809103","111","111","111","0.14229878845314184","0.14229878845314184","0.14229878845314184","111","111","111","0.20441142314424118","0.20441142314424118","0.20441142314424118","","","","","","","","","","","","","","","","","","","111","111","111","0.1329019128655394","0.1329019128655394","0.1329019128655394","111","111","111","0.1406639258687695","0.1406639258687695","0.1406639258687695","111","111","111","0.17615036511172852","0.17615036511172852","0.17615036511172852"
"38","114","114","114","0.14852864729861417","0.14852864729861417","0.14852864729861417","114","114","114","0.14150232262909412","0.14150232262909412","0.14150232262909412","114","114","114","0.20436035872747502","0.20436035872747502","0.20436035872747502","","","","","","","","","","","","","","","","","","","114","114","114","0.13278706651180983","0.13278706651180983","0.13278706651180983","114","114","114","0.13994946920623383","0.13994946920623383","0.13994946920623383","114","114","114","0.1751076631868879","0.1751076631868879","0.1751076631868879"
"39","117","117","117","0.14933724825580916","0.14933724825580916","0.14933724825580916","117","117","117","0.1417927360162139","0.1417927360162139","0.1417927360162139","117","117","117","0.20420505541066328","0.20420505541066328","0.20420505541066328","","","","","","","","","","","","","","","","","","","117","117","117","0.13269113826875886","0.13269113826875886","0.13269113826875886","117","117","117","0.1397956913957993","0.1397956913957993","0.1397956913957993","117","117","117","0.1749194199219346","0.1749194199219346","0.1749194199219346"
"40","","","","","","","120","120","120","0.14094689581543207","0.14094689581543207","0.14094689581543207","120","120","120","0.2063337458918492","0.2063337458918492","0.2063337458918492","","","","","","","","","","","","","","","","","","","120","120","120","0.13246889396881065","0.13246889396881065","0.13246889396881065","120","120","120","0.13897102450331053","0.13897102450331053","0.13897102450331053","120","120","120","0.17504463996738195","0.17504463996738195","0.17504463996738195"
"41","","","","","","","123","123","123","0.14126252476125956","0.14126252476125956","0.14126252476125956","123","123","123","0.20373699037979046","0.20373699037979046","0.20373699037979046","","","","","","","","","","","","","","","","","","","123","123","123","0.13251576914141575","0.13251576914141575","0.13251576914141575","123","123","123","0.13898798637092113","0.13898798637092113","0.13898798637092113","123","123","123","0.17448570330937704","0.17448570330937704","0.17448570330937704"
"42","","","","","","","126","126","126","0.14135819797714552","0.14135819797714552","0.14135819797714552","126","126","126","0.20303009171038866","0.20303009171038866","0.20303009171038866","","","","","","","","","","","","","","","","","","","126","126","126","0.13226385011027256","0.13226385011027256","0.13226385011027256","126","126","126","0.1385390137632688","0.1385390137632688","0.1385390137632688","126","126","126","0.17371739416072765","0.17371739416072765","0.17371739416072765"
"43","","","","","","","129","129","129","0.14173572634657225","0.14173572634657225","0.14173572634657225","129","129","129","0.20287160792698464","0.20287160792698464","0.20287160792698464","","","","","","","","","","","","","","","","","","","129","129","129","0.13221922128771743","0.13221922128771743","0.13221922128771743","129","129","129","0.1373182156433662","0.1373182156433662","0.1373182156433662","129","129","129","0.17326716178407273","0.17326716178407273","0.17326716178407273"
"44","","","","","","","132","132","132","0.14118390685568252","0.14118390685568252","0.14118390685568252","","","","","","","","","","","","","","","","","","","","","","","","","132","132","132","0.13202077274521193","0.13202077274521193","0.13202077274521193","132","132","132","0.13775423231224218","0.13775423231224218","0.13775423231224218","132","132","132","0.17341318260878325","0.17341318260878325","0.17341318260878325"
"45","","","","","","","135","135","135","0.14182020537555218","0.14182020537555218","0.14182020537555218","","","","","","","","","","","","","","","","","","","","","","","","","135","135","135","0.13194032292813063","0.13194032292813063","0.13194032292813063","135","135","135","0.13634980594118437","0.13634980594118437","0.13634980594118437","135","135","135","0.17262588875989118","0.17262588875989118","0.17262588875989118"
"46","","","","","","","138","138","138","0.1404514629393816","0.1404514629393816","0.1404514629393816","","","","","","","","","","","","","","","","","","","","","","","","","138","138","138","0.13207497416685024","0.13207497416685024","0.13207497416685024","138","138","138","0.13534952203432718","0.13534952203432718","0.13534952203432718","138","138","138","0.17256887753804526","0.17256887753804526","0.17256887753804526"
"47","","","","","","","141","141","141","0.1411901063596209","0.1411901063596209","0.1411901063596209","","","","","","","","","","","","","","","","","","","","","","","","","141","141","141","0.13178888646264872","0.13178888646264872","0.13178888646264872","141","141","141","0.13533606659621","0.13533606659621","0.13533606659621","141","141","141","0.1724286029736201","0.1724286029736201","0.1724286029736201"
"48","","","","","","","144","144","144","0.14056543229768673","0.14056543229768673","0.14056543229768673","","","","","","","","","","","","","","","","","","","","","","","","","144","144","144","0.13178148151685795","0.13178148151685795","0.13178148151685795","144","144","144","0.1352826381723086","0.1352826381723086","0.1352826381723086","144","144","144","0.17243031288186708","0.17243031288186708","0.17243031288186708"
"49","","","","","","","147","147","147","0.14032760945459208","0.14032760945459208","0.14032760945459208","","","","","","","","","","","","","","","","","","","","","","","","","147","147","147","0.13165945606306195","0.13165945606306195","0.13165945606306195","147","147","147","0.13335755777855715","0.13335755777855715","0.13335755777855715","147","147","147","0.17218769310663143","0.17218769310663143","0.17218769310663143"
"50","","","","","","","150","150","150","0.14113935393591723","0.14113935393591723","0.14113935393591723","","","","","","","","","","","","","","","","","","","","","","","","","150","150","150","0.13173098831127086","0.13173098831127086","0.13173098831127086","150","150","150","0.13332615482310453","0.13332615482310453","0.13332615482310453","150","150","150","0.171544607107838","0.171544607107838","0.171544607107838"
"51","","","","","","","153","153","153","0.14031450791905323","0.14031450791905323","0.14031450791905323","","","","","","","","","","","","","","","","","","","","","","","","","153","153","153","0.13157798272247115","0.13157798272247115","0.13157798272247115","153","153","153","0.1327750294779738","0.1327750294779738","0.1327750294779738","153","153","153","0.17147709801793098","0.17147709801793098","0.17147709801793098"
"52","","","","","","","156","156","156","0.13963495815793672","0.13963495815793672","0.13963495815793672","","","","","","","","","","","","","","","","","","","","","","","","","156","156","156","0.13156868455310664","0.13156868455310664","0.13156868455310664","156","156","156","0.1326959514990449","0.1326959514990449","0.1326959514990449","156","156","156","0.1713022356852889","0.1713022356852889","0.1713022356852889"
"53","","","","","","","159","159","159","0.14011464671542248","0.14011464671542248","0.14011464671542248","","","","","","","","","","","","","","","","","","","","","","","","","159","159","159","0.13149147822211185","0.13149147822211185","0.13149147822211185","159","159","159","0.13104068643103042","0.13104068643103042","0.13104068643103042","159","159","159","0.17185030474017063","0.17185030474017063","0.17185030474017063"
"54","","","","","","","162","162","162","0.13982696024080118","0.13982696024080118","0.13982696024080118","","","","","","","","","","","","","","","","","","","","","","","","","162","162","162","0.13146114721894264","0.13146114721894264","0.13146114721894264","162","162","162","0.13051824364811182","0.13051824364811182","0.13051824364811182","162","162","162","0.1708286969612042","0.1708286969612042","0.1708286969612042"
"55","","","","","","","165","165","165","0.13999532287319502","0.13999532287319502","0.13999532287319502","","","","","","","","","","","","","","","","","","","","","","","","","165","165","165","0.13153774042924246","0.13153774042924246","0.13153774042924246","165","165","165","0.13049504176403084","0.13049504176403084","0.13049504176403084","165","165","165","0.17063899586598077","0.17063899586598077","0.17063899586598077"
"56","","","","","","","168","168","168","0.14001610285292068","0.14001610285292068","0.14001610285292068","","","","","","","","","","","","","","","","","","","","","","","","","168","168","168","0.13130350317806005","0.13130350317806005","0.13130350317806005","168","168","168","0.12975952696676055","0.12975952696676055","0.12975952696676055","168","168","168","0.17061653267592192","0.17061653267592192","0.17061653267592192"
"57","","","","","","","171","171","171","0.13914953575779995","0.13914953575779995","0.13914953575779995","","","","","","","","","","","","","","","","","","","","","","","","","171","171","171","0.13113736423353353","0.13113736423353353","0.13113736423353353","171","171","171","0.12953411104778448","0.12953411104778448","0.12953411104778448","171","171","171","0.17077543741712967","0.17077543741712967","0.17077543741712967"
"58","","","","","","","174","174","174","0.13907599852730831","0.13907599852730831","0.13907599852730831","","","","","","","","","","","","","","","","","","","","","","","","","174","174","174","0.13132991005356112","0.13132991005356112","0.13132991005356112","174","174","174","0.12882049133380255","0.12882049133380255","0.12882049133380255","174","174","174","0.1705845526109139","0.1705845526109139","0.1705845526109139"
"59","","","","","","","177","177","177","0.13977009151130915","0.13977009151130915","0.13977009151130915","","","","","","","","","","","","","","","","","","","","","","","","","177","177","177","0.13124832386771837","0.13124832386771837","0.13124832386771837","177","177","177","0.129249416757375","0.129249416757375","0.129249416757375","177","177","177","0.1702235173434019","0.1702235173434019","0.1702235173434019"
"60","","","","","","","180","180","180","0.13933931725720564","0.13933931725720564","0.13933931725720564","","","","","","","","","","","","","","","","","","","","","","","","","180","180","180","0.13115954383586845","0.13115954383586845","0.13115954383586845","180","180","180","0.12832231571276984","0.12832231571276984","0.12832231571276984","180","180","180","0.17021427862346172","0.17021427862346172","0.17021427862346172"
"61","","","","","","","183","183","183","0.13899778947234154","0.13899778947234154","0.13899778947234154","","","","","","","","","","","","","","","","","","","","","","","","","183","183","183","0.13101155046994487","0.13101155046994487","0.13101155046994487","183","183","183","0.12799716849500933","0.12799716849500933","0.12799716849500933","183","183","183","0.17018812211851278","0.17018812211851278","0.17018812211851278"
"62","","","","","","","186","186","186","0.13910865100721517","0.13910865100721517","0.13910865100721517","","","","","","","","","","","","","","","","","","","","","","","","","186","186","186","0.1310243095892171","0.1310243095892171","0.1310243095892171","186","186","186","0.12787824279318252","0.12787824279318252","0.12787824279318252","186","186","186","0.16993076478441557","0.16993076478441557","0.16993076478441557"
"63","","","","","","","189","189","189","0.138610844189922","0.138610844189922","0.138610844189922","","","","","","","","","","","","","","","","","","","","","","","","","189","189","189","0.13084702317913374","0.13084702317913374","0.13084702317913374","189","189","189","0.12762324465438724","0.12762324465438724","0.12762324465438724","189","189","189","0.1698444706077377","0.1698444706077377","0.1698444706077377"
"64","","","","","","","192","192","192","0.13879489370932183","0.13879489370932183","0.13879489370932183","","","","","","","","","","","","","","","","","","","","","","","","","192","192","192","0.13106673583388329","0.13106673583388329","0.13106673583388329","192","192","192","0.12696973700076342","0.12696973700076342","0.12696973700076342","192","192","192","0.1696051051840186","0.1696051051840186","0.1696051051840186"
"65","","","","","","","195","195","195","0.13820400492598614","0.13820400492598614","0.13820400492598614","","","","","","","","","","","","","","","","","","","","","","","","","195","195","195","0.13070679704348245","0.13070679704348245","0.13070679704348245","195","195","195","0.12706298800185323","0.12706298800185323","0.12706298800185323","195","195","195","0.16926833894103765","0.16926833894103765","0.16926833894103765"
"66","","","","","","","198","198","198","0.13824443705379963","0.13824443705379963","0.13824443705379963","","","","","","","","","","","","","","","","","","","","","","","","","198","198","198","0.13067317816118398","0.13067317816118398","0.13067317816118398","198","198","198","0.12708943290635943","0.12708943290635943","0.12708943290635943","198","198","198","0.16897820929686228","0.16897820929686228","0.16897820929686228"
"67","","","","","","","201","201","201","0.13876109663397074","0.13876109663397074","0.13876109663397074","","","","","","","","","","","","","","","","","","","","","","","","","201","201","201","0.13056456049283346","0.13056456049283346","0.13056456049283346","201","201","201","0.1265565015686055","0.1265565015686055","0.1265565015686055","201","201","201","0.1691502354418238","0.1691502354418238","0.1691502354418238"
"68","","","","","","","204","204","204","0.13763106086601815","0.13763106086601815","0.13763106086601815","","","","","","","","","","","","","","","","","","","","","","","","","204","204","204","0.13065262014667192","0.13065262014667192","0.13065262014667192","204","204","204","0.1260846151659886","0.1260846151659886","0.1260846151659886","204","204","204","0.16888796165585518","0.16888796165585518","0.16888796165585518"
"69","","","","","","","207","207","207","0.1379465168962876","0.1379465168962876","0.1379465168962876","","","","","","","","","","","","","","","","","","","","","","","","","207","207","207","0.1305302263547977","0.1305302263547977","0.1305302263547977","207","207","207","0.12590238420913616","0.12590238420913616","0.12590238420913616","207","207","207","0.16889856103807688","0.16889856103807688","0.16889856103807688"
"70","","","","","","","210","210","210","0.1373577375585834","0.1373577375585834","0.1373577375585834","","","","","","","","","","","","","","","","","","","","","","","","","210","210","210","0.1305843236235281","0.1305843236235281","0.1305843236235281","210","210","210","0.1257166527211666","0.1257166527211666","0.1257166527211666","210","210","210","0.16881650468955436","0.16881650468955436","0.16881650468955436"
"71","","","","","","","213","213","213","0.13833524317791066","0.13833524317791066","0.13833524317791066","","","","","","","","","","","","","","","","","","","","","","","","","213","213","213","0.13049397012218833","0.13049397012218833","0.13049397012218833","213","213","213","0.12523361295461655","0.12523361295461655","0.12523361295461655","213","213","213","0.1685455609112978","0.1685455609112978","0.1685455609112978"
"72","","","","","","","216","216","216","0.13816358242183924","0.13816358242183924","0.13816358242183924","","","","","","","","","","","","","","","","","","","","","","","","","216","216","216","0.130468788711975","0.130468788711975","0.130468788711975","216","216","216","0.12505112945412597","0.12505112945412597","0.12505112945412597","216","216","216","0.1685521717493733","0.1685521717493733","0.1685521717493733"
"73","","","","","","","219","219","219","0.13795334255943695","0.13795334255943695","0.13795334255943695","","","","","","","","","","","","","","","","","","","","","","","","","219","219","219","0.1303487285040319","0.1303487285040319","0.1303487285040319","219","219","219","0.12529684447993836","0.12529684447993836","0.12529684447993836","219","219","219","0.16837747177730003","0.16837747177730003","0.16837747177730003"
"74","","","","","","","222","222","222","0.13717861473560333","0.13717861473560333","0.13717861473560333","","","","","","","","","","","","","","","","","","","","","","","","","222","222","222","0.130363322639217","0.130363322639217","0.130363322639217","222","222","222","0.12508600686366358","0.12508600686366358","0.12508600686366358","222","222","222","0.1683787622799476","0.1683787622799476","0.1683787622799476"
"75","","","","","","","225","225","225","0.13765725928048292","0.13765725928048292","0.13765725928048292","","","","","","","","","","","","","","","","","","","","","","","","","225","225","225","0.13019256759434938","0.13019256759434938","0.13019256759434938","225","225","225","0.12455922753239672","0.12455922753239672","0.12455922753239672","225","225","225","0.16831708513200283","0.16831708513200283","0.16831708513200283"
"76","","","","","","","228","228","228","0.1374061368405819","0.1374061368405819","0.1374061368405819","","","","","","","","","","","","","","","","","","","","","","","","","228","228","228","0.13028005960707864","0.13028005960707864","0.13028005960707864","228","228","228","0.1244151823533078","0.1244151823533078","0.1244151823533078","228","228","228","0.16817773506045341","0.16817773506045341","0.16817773506045341"
"77","","","","","","","231","231","231","0.136998290506502","0.136998290506502","0.136998290506502","","","","","","","","","","","","","","","","","","","","","","","","","231","231","231","0.1302815666422248","0.1302815666422248","0.1302815666422248","231","231","231","0.1242288517144819","0.1242288517144819","0.1242288517144819","231","231","231","0.16814946196973324","0.16814946196973324","0.16814946196973324"
"78","","","","","","","234","234","234","0.1367099992930889","0.1367099992930889","0.1367099992930889","","","","","","","","","","","","","","","","","","","","","","","","","234","234","234","0.13016306857268015","0.13016306857268015","0.13016306857268015","234","234","234","0.12428527418524027","0.12428527418524027","0.12428527418524027","234","234","234","0.1680961304033796","0.1680961304033796","0.1680961304033796"
"79","","","","","","","237","237","237","0.13661399949342012","0.13661399949342012","0.13661399949342012","","","","","","","","","","","","","","","","","","","","","","","","","237","237","237","0.13009687202672163","0.13009687202672163","0.13009687202672163","237","237","237","0.12405472388491035","0.12405472388491035","0.12405472388491035","237","237","237","0.1679909930874904","0.1679909930874904","0.1679909930874904"
"80","","","","","","","240","240","240","0.13663786991188923","0.13663786991188923","0.13663786991188923","","","","","","","","","","","","","","","","","","","","","","","","","240","240","240","0.1302288107884427","0.1302288107884427","0.1302288107884427","240","240","240","0.12403898577516277","0.12403898577516277","0.12403898577516277","240","240","240","0.16776788141578436","0.16776788141578436","0.16776788141578436"
"81","","","","","","","243","243","243","0.13661974358061948","0.13661974358061948","0.13661974358061948","","","","","","","","","","","","","","","","","","","","","","","","","243","243","243","0.12997870178272328","0.12997870178272328","0.12997870178272328","243","243","243","0.12386727876340349","0.12386727876340349","0.12386727876340349","243","243","243","0.16866234069069228","0.16866234069069228","0.16866234069069228"
"82","","","","","","","246","246","246","0.13669328950345516","0.13669328950345516","0.13669328950345516","","","","","","","","","","","","","","","","","","","","","","","","","246","246","246","0.13020922181506953","0.13020922181506953","0.13020922181506953","246","246","246","0.12383290737246473","0.12383290737246473","0.12383290737246473","246","246","246","0.16766176372766495","0.16766176372766495","0.16766176372766495"
"83","","","","","","","249","249","249","0.13604436442255974","0.13604436442255974","0.13604436442255974","","","","","","","","","","","","","","","","","","","","","","","","","249","249","249","0.12987579917535186","0.12987579917535186","0.12987579917535186","249","249","249","0.12402240854377548","0.12402240854377548","0.12402240854377548","249","249","249","0.16748484379301468","0.16748484379301468","0.16748484379301468"
"84","","","","","","","252","252","252","0.13610475634535155","0.13610475634535155","0.13610475634535155","","","","","","","","","","","","","","","","","","","","","","","","","252","252","252","0.12993280868977308","0.12993280868977308","0.12993280868977308","252","252","252","0.12391858408227563","0.12391858408227563","0.12391858408227563","252","252","252","0.1673058858141303","0.1673058858141303","0.1673058858141303"
"85","","","","","","","255","255","255","0.136423551167051","0.136423551167051","0.136423551167051","","","","","","","","","","","","","","","","","","","","","","","","","255","255","255","0.12987322189534703","0.12987322189534703","0.12987322189534703","255","255","255","0.12377211855103572","0.12377211855103572","0.12377211855103572","255","255","255","0.1674193882693847","0.1674193882693847","0.1674193882693847"
"86","","","","","","","258","258","258","0.135681944899261","0.135681944899261","0.135681944899261","","","","","","","","","","","","","","","","","","","","","","","","","258","258","258","0.12983389540265003","0.12983389540265003","0.12983389540265003","258","258","258","0.12333560269325972","0.12333560269325972","0.12333560269325972","258","258","258","0.16737627082814774","0.16737627082814774","0.16737627082814774"
"87","","","","","","","261","261","261","0.13679017157604298","0.13679017157604298","0.13679017157604298","","","","","","","","","","","","","","","","","","","","","","","","","261","261","261","0.12989362825949988","0.12989362825949988","0.12989362825949988","261","261","261","0.12338262128954132","0.12338262128954132","0.12338262128954132","261","261","261","0.1673102332279086","0.1673102332279086","0.1673102332279086"
"88","","","","","","","264","264","264","0.13571258603284755","0.13571258603284755","0.13571258603284755","","","","","","","","","","","","","","","","","","","","","","","","","264","264","264","0.12972374400123954","0.12972374400123954","0.12972374400123954","264","264","264","0.12291468835125367","0.12291468835125367","0.12291468835125367","264","264","264","0.16741598335405192","0.16741598335405192","0.16741598335405192"
"89","","","","","","","267","267","267","0.13560196291655302","0.13560196291655302","0.13560196291655302","","","","","","","","","","","","","","","","","","","","","","","","","267","267","267","0.12982989087079963","0.12982989087079963","0.12982989087079963","267","267","267","0.12280851338679592","0.12280851338679592","0.12280851338679592","267","267","267","0.16695634772380194","0.16695634772380194","0.16695634772380194"
"90","","","","","","","270","270","270","0.13511976972222328","0.13511976972222328","0.13511976972222328","","","","","","","","","","","","","","","","","","","","","","","","","270","270","270","0.12997224911426505","0.12997224911426505","0.12997224911426505","270","270","270","0.12364335327098767","0.12364335327098767","0.12364335327098767","270","270","270","0.16709974687546492","0.16709974687546492","0.16709974687546492"
"91","","","","","","","273","273","273","0.13546202797442675","0.13546202797442675","0.13546202797442675","","","","","","","","","","","","","","","","","","","","","","","","","273","273","273","0.12985314832379422","0.12985314832379422","0.12985314832379422","273","273","273","0.12293340312317014","0.12293340312317014","0.12293340312317014","273","273","273","0.16676249882827202","0.16676249882827202","0.16676249882827202"
"92","","","","","","","276","276","276","0.13514422997832298","0.13514422997832298","0.13514422997832298","","","","","","","","","","","","","","","","","","","","","","","","","276","276","276","0.1296259119796256","0.1296259119796256","0.1296259119796256","276","276","276","0.1226851570730408","0.1226851570730408","0.1226851570730408","276","276","276","0.16669965193917355","0.16669965193917355","0.16669965193917355"
"93","","","","","","","279","279","279","0.13627672102302313","0.13627672102302313","0.13627672102302313","","","","","","","","","","","","","","","","","","","","","","","","","279","279","279","0.12959728374456367","0.12959728374456367","0.12959728374456367","279","279","279","0.1226075350617369","0.1226075350617369","0.1226075350617369","279","279","279","0.1670146637285749","0.1670146637285749","0.1670146637285749"
"94","","","","","","","282","282","282","0.13496880574772754","0.13496880574772754","0.13496880574772754","","","","","","","","","","","","","","","","","","","","","","","","","282","282","282","0.12957623228430748","0.12957623228430748","0.12957623228430748","282","282","282","0.1228669371145467","0.1228669371145467","0.1228669371145467","282","282","282","0.166549953011175","0.166549953011175","0.166549953011175"
"95","","","","","","","285","285","285","0.13522989582270384","0.13522989582270384","0.13522989582270384","","","","","","","","","","","","","","","","","","","","","","","","","285","285","285","0.1296776762853066","0.1296776762853066","0.1296776762853066","285","285","285","0.12242706725373864","0.12242706725373864","0.12242706725373864","285","285","285","0.16651302110403776","0.16651302110403776","0.16651302110403776"
"96","","","","","","","288","288","288","0.13532072522987923","0.13532072522987923","0.13532072522987923","","","","","","","","","","","","","","","","","","","","","","","","","288","288","288","0.12946181433896223","0.12946181433896223","0.12946181433896223","288","288","288","0.12253972049802542","0.12253972049802542","0.12253972049802542","288","288","288","0.16651755012571812","0.16651755012571812","0.16651755012571812"
"97","","","","","","","291","291","291","0.13531322963535786","0.13531322963535786","0.13531322963535786","","","","","","","","","","","","","","","","","","","","","","","","","291","291","291","0.12951578168819347","0.12951578168819347","0.12951578168819347","291","291","291","0.1218934425463279","0.1218934425463279","0.1218934425463279","291","291","291","0.1663730852305889","0.1663730852305889","0.1663730852305889"
"98","","","","","","","294","294","294","0.13546700961887836","0.13546700961887836","0.13546700961887836","","","","","","","","","","","","","","","","","","","","","","","","","294","294","294","0.12940877629444003","0.12940877629444003","0.12940877629444003","294","294","294","0.12220143837233384","0.12220143837233384","0.12220143837233384","","","","","",""
"99","","","","","","","297","297","297","0.13470779825001955","0.13470779825001955","0.13470779825001955","","","","","","","","","","","","","","","","","","","","","","","","","297","297","297","0.12941059283912182","0.12941059283912182","0.12941059283912182","297","297","297","0.12221316589663427","0.12221316589663427","0.12221316589663427","","","","","",""