"Epoch","FCNN_Late_Fusion_ultrasound - _step","FCNN_Late_Fusion_ultrasound - _step__MIN","FCNN_Late_Fusion_ultrasound - _step__MAX","FCNN_Late_Fusion_ultrasound - Pearson/Val","FCNN_Late_Fusion_ultrasound - Pearson/Val__MIN","FCNN_Late_Fusion_ultrasound - Pearson/Val__MAX","FCNN_Mid_Fusion_ultrasound - _step","FCNN_Mid_Fusion_ultrasound - _step__MIN","FCNN_Mid_Fusion_ultrasound - _step__MAX","FCNN_Mid_Fusion_ultrasound - Pearson/Val","FCNN_Mid_Fusion_ultrasound - Pearson/Val__MIN","FCNN_Mid_Fusion_ultrasound - Pearson/Val__MAX","FCNN_no_ultrasound - _step","FCNN_no_ultrasound - _step__MIN","FCNN_no_ultrasound - _step__MAX","FCNN_no_ultrasound - Pearson/Val","FCNN_no_ultrasound - Pearson/Val__MIN","FCNN_no_ultrasound - Pearson/Val__MAX","UNet_Late_Fusion_ultrasound - _step","UNet_Late_Fusion_ultrasound - _step__MIN","UNet_Late_Fusion_ultrasound - _step__MAX","UNet_Late_Fusion_ultrasound - Pearson/Val","UNet_Late_Fusion_ultrasound - Pearson/Val__MIN","UNet_Late_Fusion_ultrasound - Pearson/Val__MAX","UNet_Mid_Fusion_ultrasound - _step","UNet_Mid_Fusion_ultrasound - _step__MIN","UNet_Mid_Fusion_ultrasound - _step__MAX","UNet_Mid_Fusion_ultrasound - Pearson/Val","UNet_Mid_Fusion_ultrasound - Pearson/Val__MIN","UNet_Mid_Fusion_ultrasound - Pearson/Val__MAX","UNet_no_ultrasound - _step","UNet_no_ultrasound - _step__MIN","UNet_no_ultrasound - _step__MAX","UNet_no_ultrasound - Pearson/Val","UNet_no_ultrasound - Pearson/Val__MIN","UNet_no_ultrasound - Pearson/Val__MAX"
"0","2","2","2","0.4418316154396757","0.4418316154396757","0.4418316154396757","2","2","2","0.5379611903334155","0.5379611903334155","0.5379611903334155","2","2","2","0.12710956192410558","0.12710956192410558","0.12710956192410558","2","2","2","0.5723901347459771","0.5723901347459771","0.5723901347459771","2","2","2","-0.012560954458171056","-0.012560954458171056","-0.012560954458171056","2","2","2","0.12891450624140122","0.12891450624140122","0.12891450624140122"
"1","5","5","5","0.4930276385116349","0.4930276385116349","0.4930276385116349","5","5","5","0.5093226119804732","0.5093226119804732","0.5093226119804732","5","5","5","0.12260555290091076","0.12260555290091076","0.12260555290091076","5","5","5","0.5782817308845942","0.5782817308845942","0.5782817308845942","5","5","5","-0.001105748483739663","-0.001105748483739663","-0.001105748483739663","5","5","5","0.3110414430773049","0.3110414430773049","0.3110414430773049"
"2","8","8","8","0.4945942709782772","0.4945942709782772","0.4945942709782772","8","8","8","0.5535495240881242","0.5535495240881242","0.5535495240881242","8","8","8","0.1769363226295834","0.1769363226295834","0.1769363226295834","8","8","8","0.5959598358484643","0.5959598358484643","0.5959598358484643","8","8","8","0.13472577722647489","0.13472577722647489","0.13472577722647489","8","8","8","0.3107892585190799","0.3107892585190799","0.3107892585190799"
"3","11","11","11","0.5219508599620294","0.5219508599620294","0.5219508599620294","11","11","11","0.5810256896653258","0.5810256896653258","0.5810256896653258","11","11","11","0.22304963934553942","0.22304963934553942","0.22304963934553942","11","11","11","0.6173345364304675","0.6173345364304675","0.6173345364304675","11","11","11","0.4300098879246689","0.4300098879246689","0.4300098879246689","11","11","11","0.38811596878858673","0.38811596878858673","0.38811596878858673"
"4","14","14","14","0.5161304133701882","0.5161304133701882","0.5161304133701882","14","14","14","0.5921967889639962","0.5921967889639962","0.5921967889639962","14","14","14","0.25330184468206274","0.25330184468206274","0.25330184468206274","14","14","14","0.6247018050225575","0.6247018050225575","0.6247018050225575","14","14","14","0.5159091703771134","0.5159091703771134","0.5159091703771134","14","14","14","0.4258733754362815","0.4258733754362815","0.4258733754362815"
"5","17","17","17","0.5674222758420052","0.5674222758420052","0.5674222758420052","17","17","17","0.5987039352770714","0.5987039352770714","0.5987039352770714","17","17","17","0.2619551694232607","0.2619551694232607","0.2619551694232607","17","17","17","0.6405680062745708","0.6405680062745708","0.6405680062745708","17","17","17","0.5852622646475515","0.5852622646475515","0.5852622646475515","17","17","17","0.4563140212417888","0.4563140212417888","0.4563140212417888"
"6","20","20","20","0.5871276391356038","0.5871276391356038","0.5871276391356038","20","20","20","0.6000169454301217","0.6000169454301217","0.6000169454301217","20","20","20","0.2998907576060581","0.2998907576060581","0.2998907576060581","20","20","20","0.6581178478557167","0.6581178478557167","0.6581178478557167","20","20","20","0.5936206963209406","0.5936206963209406","0.5936206963209406","20","20","20","0.45828477480414215","0.45828477480414215","0.45828477480414215"
"7","23","23","23","0.6007370664516803","0.6007370664516803","0.6007370664516803","23","23","23","0.6030270639154941","0.6030270639154941","0.6030270639154941","23","23","23","0.33663050474146383","0.33663050474146383","0.33663050474146383","23","23","23","0.6714442910044042","0.6714442910044042","0.6714442910044042","23","23","23","0.5993367933185182","0.5993367933185182","0.5993367933185182","23","23","23","0.4675817032766456","0.4675817032766456","0.4675817032766456"
"8","26","26","26","0.38471907319837645","0.38471907319837645","0.38471907319837645","26","26","26","0.6112349002505262","0.6112349002505262","0.6112349002505262","26","26","26","0.3470975864592428","0.3470975864592428","0.3470975864592428","26","26","26","0.6664919087148938","0.6664919087148938","0.6664919087148938","26","26","26","0.6035220191141589","0.6035220191141589","0.6035220191141589","26","26","26","0.4838726242429188","0.4838726242429188","0.4838726242429188"
"9","29","29","29","0.3709802792861931","0.3709802792861931","0.3709802792861931","29","29","29","0.6087199720954782","0.6087199720954782","0.6087199720954782","29","29","29","0.3417754185035758","0.3417754185035758","0.3417754185035758","29","29","29","0.6774595652018163","0.6774595652018163","0.6774595652018163","29","29","29","0.603699191690343","0.603699191690343","0.603699191690343","29","29","29","0.4940777185443996","0.4940777185443996","0.4940777185443996"
"10","32","32","32","0.5934585819549413","0.5934585819549413","0.5934585819549413","32","32","32","0.6152398504513696","0.6152398504513696","0.6152398504513696","32","32","32","0.2973377384034002","0.2973377384034002","0.2973377384034002","32","32","32","0.6747069269913336","0.6747069269913336","0.6747069269913336","32","32","32","0.6075218659036152","0.6075218659036152","0.6075218659036152","32","32","32","0.5127989223322428","0.5127989223322428","0.5127989223322428"
"11","35","35","35","0.6133222180519353","0.6133222180519353","0.6133222180519353","35","35","35","0.6179457966454122","0.6179457966454122","0.6179457966454122","35","35","35","0.3869553727768426","0.3869553727768426","0.3869553727768426","35","35","35","0.6863199794809673","0.6863199794809673","0.6863199794809673","35","35","35","0.609665045581269","0.609665045581269","0.609665045581269","35","35","35","0.5181414308669381","0.5181414308669381","0.5181414308669381"
"12","38","38","38","0.5888691166973911","0.5888691166973911","0.5888691166973911","38","38","38","0.6153531815935116","0.6153531815935116","0.6153531815935116","38","38","38","0.3043334800753081","0.3043334800753081","0.3043334800753081","38","38","38","0.6699525991267694","0.6699525991267694","0.6699525991267694","38","38","38","0.610593754088936","0.610593754088936","0.610593754088936","38","38","38","0.5206260061506747","0.5206260061506747","0.5206260061506747"
"13","41","41","41","0.5472870571520921","0.5472870571520921","0.5472870571520921","41","41","41","0.6247677124768036","0.6247677124768036","0.6247677124768036","41","41","41","0.39765487838929237","0.39765487838929237","0.39765487838929237","41","41","41","0.7005198588364947","0.7005198588364947","0.7005198588364947","41","41","41","0.6123524651476276","0.6123524651476276","0.6123524651476276","41","41","41","0.5262490160925524","0.5262490160925524","0.5262490160925524"
"14","44","44","44","0.5428940137943532","0.5428940137943532","0.5428940137943532","44","44","44","0.6230306507643396","0.6230306507643396","0.6230306507643396","44","44","44","0.35962561327123277","0.35962561327123277","0.35962561327123277","44","44","44","0.6880031340452852","0.6880031340452852","0.6880031340452852","44","44","44","0.6136520115474137","0.6136520115474137","0.6136520115474137","44","44","44","0.5153183910510037","0.5153183910510037","0.5153183910510037"
"15","47","47","47","0.6025658839589084","0.6025658839589084","0.6025658839589084","47","47","47","0.6267278609346351","0.6267278609346351","0.6267278609346351","47","47","47","0.4071724801869212","0.4071724801869212","0.4071724801869212","47","47","47","0.6904677132931278","0.6904677132931278","0.6904677132931278","47","47","47","0.6155604425784548","0.6155604425784548","0.6155604425784548","47","47","47","0.5215574569891737","0.5215574569891737","0.5215574569891737"
"16","50","50","50","0.6004869324732525","0.6004869324732525","0.6004869324732525","50","50","50","0.6305213396585059","0.6305213396585059","0.6305213396585059","50","50","50","0.39414682807451906","0.39414682807451906","0.39414682807451906","50","50","50","0.6872770804852701","0.6872770804852701","0.6872770804852701","50","50","50","0.6129404931339636","0.6129404931339636","0.6129404931339636","50","50","50","0.5534686007497996","0.5534686007497996","0.5534686007497996"
"17","53","53","53","0.6036764789586188","0.6036764789586188","0.6036764789586188","53","53","53","0.6301072545916614","0.6301072545916614","0.6301072545916614","53","53","53","0.401947814737625","0.401947814737625","0.401947814737625","53","53","53","0.6982981908120767","0.6982981908120767","0.6982981908120767","53","53","53","0.6155128609727496","0.6155128609727496","0.6155128609727496","53","53","53","0.5485174876392668","0.5485174876392668","0.5485174876392668"
"18","56","56","56","0.6178324776903071","0.6178324776903071","0.6178324776903071","56","56","56","0.631472284407947","0.631472284407947","0.631472284407947","56","56","56","0.39985630680846307","0.39985630680846307","0.39985630680846307","56","56","56","0.6986654658316304","0.6986654658316304","0.6986654658316304","56","56","56","0.6155551663680761","0.6155551663680761","0.6155551663680761","56","56","56","0.5638857214490538","0.5638857214490538","0.5638857214490538"
"19","59","59","59","0.5986087631064153","0.5986087631064153","0.5986087631064153","59","59","59","0.6321871247338293","0.6321871247338293","0.6321871247338293","59","59","59","0.4108224250754306","0.4108224250754306","0.4108224250754306","59","59","59","0.6981497109949484","0.6981497109949484","0.6981497109949484","59","59","59","0.6222889078326729","0.6222889078326729","0.6222889078326729","59","59","59","0.562096481967639","0.562096481967639","0.562096481967639"
"20","62","62","62","0.617356514650557","0.617356514650557","0.617356514650557","62","62","62","0.62831623898341","0.62831623898341","0.62831623898341","62","62","62","0.3941487823349534","0.3941487823349534","0.3941487823349534","62","62","62","0.7004639169677039","0.7004639169677039","0.7004639169677039","62","62","62","0.626469934996227","0.626469934996227","0.626469934996227","62","62","62","0.55737312219471","0.55737312219471","0.55737312219471"
"21","65","65","65","0.6185032897621646","0.6185032897621646","0.6185032897621646","65","65","65","0.6357750763701179","0.6357750763701179","0.6357750763701179","65","65","65","0.42895581558976825","0.42895581558976825","0.42895581558976825","65","65","65","0.6949929717115789","0.6949929717115789","0.6949929717115789","65","65","65","0.6266924486058748","0.6266924486058748","0.6266924486058748","65","65","65","0.5687559662787752","0.5687559662787752","0.5687559662787752"
"22","68","68","68","0.6104269374234955","0.6104269374234955","0.6104269374234955","68","68","68","0.6343294704616237","0.6343294704616237","0.6343294704616237","68","68","68","0.3768203172280958","0.3768203172280958","0.3768203172280958","68","68","68","0.689500674338309","0.689500674338309","0.689500674338309","68","68","68","0.6235493458696393","0.6235493458696393","0.6235493458696393","68","68","68","0.5844594328039767","0.5844594328039767","0.5844594328039767"
"23","71","71","71","0.6181816250874451","0.6181816250874451","0.6181816250874451","71","71","71","0.6373488818570331","0.6373488818570331","0.6373488818570331","71","71","71","0.4220214231791879","0.4220214231791879","0.4220214231791879","71","71","71","0.7071345582550401","0.7071345582550401","0.7071345582550401","71","71","71","0.6288516729049343","0.6288516729049343","0.6288516729049343","71","71","71","0.5838242792612554","0.5838242792612554","0.5838242792612554"
"24","74","74","74","0.6150974857950134","0.6150974857950134","0.6150974857950134","74","74","74","0.6377608363999505","0.6377608363999505","0.6377608363999505","74","74","74","0.42212030834191083","0.42212030834191083","0.42212030834191083","74","74","74","0.7065025538603804","0.7065025538603804","0.7065025538603804","74","74","74","0.6322726592389913","0.6322726592389913","0.6322726592389913","74","74","74","0.5877114140056114","0.5877114140056114","0.5877114140056114"
"25","77","77","77","0.6154959937272849","0.6154959937272849","0.6154959937272849","77","77","77","0.6399994325232806","0.6399994325232806","0.6399994325232806","77","77","77","0.41727105726904923","0.41727105726904923","0.41727105726904923","77","77","77","0.7144499242483338","0.7144499242483338","0.7144499242483338","77","77","77","0.6327996454656183","0.6327996454656183","0.6327996454656183","77","77","77","0.5889834343447764","0.5889834343447764","0.5889834343447764"
"26","80","80","80","0.6188071596065245","0.6188071596065245","0.6188071596065245","80","80","80","0.6419208866509639","0.6419208866509639","0.6419208866509639","80","80","80","0.441055269366845","0.441055269366845","0.441055269366845","80","80","80","0.7000904693337061","0.7000904693337061","0.7000904693337061","80","80","80","0.6357929213918151","0.6357929213918151","0.6357929213918151","80","80","80","0.594834945213777","0.594834945213777","0.594834945213777"
"27","83","83","83","0.6212211694875982","0.6212211694875982","0.6212211694875982","83","83","83","0.6405677592157929","0.6405677592157929","0.6405677592157929","83","83","83","0.3937579093464108","0.3937579093464108","0.3937579093464108","83","83","83","0.7154435711158934","0.7154435711158934","0.7154435711158934","83","83","83","0.6380883594138325","0.6380883594138325","0.6380883594138325","83","83","83","0.5887200377797096","0.5887200377797096","0.5887200377797096"
"28","86","86","86","0.6203087033086917","0.6203087033086917","0.6203087033086917","86","86","86","0.6411784071668029","0.6411784071668029","0.6411784071668029","86","86","86","0.4435085688403445","0.4435085688403445","0.4435085688403445","86","86","86","0.7046287627409776","0.7046287627409776","0.7046287627409776","86","86","86","0.6374749928385475","0.6374749928385475","0.6374749928385475","86","86","86","0.5998564306588907","0.5998564306588907","0.5998564306588907"
"29","89","89","89","0.620529873747626","0.620529873747626","0.620529873747626","89","89","89","0.6383265887666346","0.6383265887666346","0.6383265887666346","89","89","89","0.44793150137774607","0.44793150137774607","0.44793150137774607","89","89","89","0.7026766493927239","0.7026766493927239","0.7026766493927239","89","89","89","0.6447840244545241","0.6447840244545241","0.6447840244545241","89","89","89","0.6099131367726719","0.6099131367726719","0.6099131367726719"
"30","92","92","92","0.6203084556577634","0.6203084556577634","0.6203084556577634","92","92","92","0.6413973022687695","0.6413973022687695","0.6413973022687695","92","92","92","0.4373470050059164","0.4373470050059164","0.4373470050059164","92","92","92","0.7124394061779167","0.7124394061779167","0.7124394061779167","92","92","92","0.6472568164889073","0.6472568164889073","0.6472568164889073","92","92","92","0.6040803861696564","0.6040803861696564","0.6040803861696564"
"31","95","95","95","0.6149214370410901","0.6149214370410901","0.6149214370410901","95","95","95","0.6438394288044953","0.6438394288044953","0.6438394288044953","95","95","95","0.44671261691550995","0.44671261691550995","0.44671261691550995","95","95","95","0.7059129767461159","0.7059129767461159","0.7059129767461159","95","95","95","0.6503701547612196","0.6503701547612196","0.6503701547612196","95","95","95","0.6126407330766485","0.6126407330766485","0.6126407330766485"
"32","98","98","98","0.6124160685978961","0.6124160685978961","0.6124160685978961","98","98","98","0.6441651705945303","0.6441651705945303","0.6441651705945303","98","98","98","0.4515011783530072","0.4515011783530072","0.4515011783530072","98","98","98","0.7212472890775339","0.7212472890775339","0.7212472890775339","98","98","98","0.6529512641902506","0.6529512641902506","0.6529512641902506","98","98","98","0.6023046150893608","0.6023046150893608","0.6023046150893608"
"33","101","101","101","0.6166708812252384","0.6166708812252384","0.6166708812252384","101","101","101","0.6416680168940894","0.6416680168940894","0.6416680168940894","101","101","101","0.45115111670876556","0.45115111670876556","0.45115111670876556","101","101","101","0.7150968339599881","0.7150968339599881","0.7150968339599881","101","101","101","0.6564675582595715","0.6564675582595715","0.6564675582595715","101","101","101","0.6170303391409669","0.6170303391409669","0.6170303391409669"
"34","104","104","104","0.6202053067384901","0.6202053067384901","0.6202053067384901","104","104","104","0.6448778729318335","0.6448778729318335","0.6448778729318335","104","104","104","0.4494315653559121","0.4494315653559121","0.4494315653559121","104","104","104","0.7117306986286662","0.7117306986286662","0.7117306986286662","104","104","104","0.659751734233713","0.659751734233713","0.659751734233713","104","104","104","0.6172201550848764","0.6172201550848764","0.6172201550848764"
"35","107","107","107","0.6178101070973874","0.6178101070973874","0.6178101070973874","107","107","107","0.6472603421085529","0.6472603421085529","0.6472603421085529","107","107","107","0.44613380276885006","0.44613380276885006","0.44613380276885006","107","107","107","0.709071834948116","0.709071834948116","0.709071834948116","107","107","107","0.6633021139740802","0.6633021139740802","0.6633021139740802","107","107","107","0.6216843705594385","0.6216843705594385","0.6216843705594385"
"36","110","110","110","0.6204289359016406","0.6204289359016406","0.6204289359016406","110","110","110","0.6454603791258738","0.6454603791258738","0.6454603791258738","110","110","110","0.37584787524516683","0.37584787524516683","0.37584787524516683","110","110","110","0.7185686365286852","0.7185686365286852","0.7185686365286852","110","110","110","0.6604709221659489","0.6604709221659489","0.6604709221659489","110","110","110","0.609064804006752","0.609064804006752","0.609064804006752"
"37","113","113","113","0.6206241743315845","0.6206241743315845","0.6206241743315845","113","113","113","0.644815888328708","0.644815888328708","0.644815888328708","113","113","113","0.31027386754762804","0.31027386754762804","0.31027386754762804","113","113","113","0.7235506103305545","0.7235506103305545","0.7235506103305545","113","113","113","0.6618131777534764","0.6618131777534764","0.6618131777534764","113","113","113","0.6218042942285449","0.6218042942285449","0.6218042942285449"
"38","116","116","116","0.6189305735281054","0.6189305735281054","0.6189305735281054","116","116","116","0.6498775369108517","0.6498775369108517","0.6498775369108517","116","116","116","0.37477191097225904","0.37477191097225904","0.37477191097225904","116","116","116","0.7130030077283993","0.7130030077283993","0.7130030077283993","116","116","116","0.6711711677290136","0.6711711677290136","0.6711711677290136","116","116","116","0.6189584209295456","0.6189584209295456","0.6189584209295456"
"39","","","","","","","119","119","119","0.6473917077009756","0.6473917077009756","0.6473917077009756","119","119","119","0.43643620781778036","0.43643620781778036","0.43643620781778036","119","119","119","0.7133657439819627","0.7133657439819627","0.7133657439819627","119","119","119","0.6614206453254805","0.6614206453254805","0.6614206453254805","119","119","119","0.613613841869102","0.613613841869102","0.613613841869102"
"40","","","","","","","122","122","122","0.646852436928076","0.646852436928076","0.646852436928076","122","122","122","0.4546377965050849","0.4546377965050849","0.4546377965050849","122","122","122","0.7157202360620009","0.7157202360620009","0.7157202360620009","122","122","122","0.6751054710142252","0.6751054710142252","0.6751054710142252","122","122","122","0.6263424394845304","0.6263424394845304","0.6263424394845304"
"41","","","","","","","125","125","125","0.6506990363463667","0.6506990363463667","0.6506990363463667","125","125","125","0.4188782984500684","0.4188782984500684","0.4188782984500684","125","125","125","0.7219020095579531","0.7219020095579531","0.7219020095579531","125","125","125","0.6743378843334995","0.6743378843334995","0.6743378843334995","125","125","125","0.6281210415109936","0.6281210415109936","0.6281210415109936"
"42","","","","","","","128","128","128","0.6430489966138175","0.6430489966138175","0.6430489966138175","128","128","128","0.45290313534234883","0.45290313534234883","0.45290313534234883","128","128","128","0.7271872648813242","0.7271872648813242","0.7271872648813242","128","128","128","0.6691704501187273","0.6691704501187273","0.6691704501187273","128","128","128","0.6276337121014103","0.6276337121014103","0.6276337121014103"
"43","","","","","","","131","131","131","0.6480919945624508","0.6480919945624508","0.6480919945624508","","","","","","","131","131","131","0.7192446896291933","0.7192446896291933","0.7192446896291933","131","131","131","0.6769710497283535","0.6769710497283535","0.6769710497283535","131","131","131","0.6245789697390722","0.6245789697390722","0.6245789697390722"
"44","","","","","","","134","134","134","0.6498275920335113","0.6498275920335113","0.6498275920335113","","","","","","","134","134","134","0.7220815815792938","0.7220815815792938","0.7220815815792938","134","134","134","0.6726933028050108","0.6726933028050108","0.6726933028050108","134","134","134","0.6349904504625735","0.6349904504625735","0.6349904504625735"
"45","","","","","","","137","137","137","0.6527936224005698","0.6527936224005698","0.6527936224005698","","","","","","","137","137","137","0.7226852714284274","0.7226852714284274","0.7226852714284274","137","137","137","0.6913283078244589","0.6913283078244589","0.6913283078244589","137","137","137","0.630180193171043","0.630180193171043","0.630180193171043"
"46","","","","","","","140","140","140","0.6539064693857976","0.6539064693857976","0.6539064693857976","","","","","","","140","140","140","0.7212213469467941","0.7212213469467941","0.7212213469467941","140","140","140","0.6925390812598626","0.6925390812598626","0.6925390812598626","140","140","140","0.6341130897972025","0.6341130897972025","0.6341130897972025"
"47","","","","","","","143","143","143","0.6530560643470342","0.6530560643470342","0.6530560643470342","","","","","","","143","143","143","0.7204025620399395","0.7204025620399395","0.7204025620399395","143","143","143","0.6908972890291636","0.6908972890291636","0.6908972890291636","143","143","143","0.6331123203458103","0.6331123203458103","0.6331123203458103"
"48","","","","","","","146","146","146","0.6553838845273694","0.6553838845273694","0.6553838845273694","","","","","","","146","146","146","0.7136894458569278","0.7136894458569278","0.7136894458569278","146","146","146","0.6911630162429215","0.6911630162429215","0.6911630162429215","146","146","146","0.6301406707776244","0.6301406707776244","0.6301406707776244"
"49","","","","","","","149","149","149","0.6490842541846681","0.6490842541846681","0.6490842541846681","","","","","","","149","149","149","0.720562052221708","0.720562052221708","0.720562052221708","149","149","149","0.7041881646027552","0.7041881646027552","0.7041881646027552","149","149","149","0.6386661845775875","0.6386661845775875","0.6386661845775875"
"50","","","","","","","152","152","152","0.6509832322892525","0.6509832322892525","0.6509832322892525","","","","","","","152","152","152","0.706886738051509","0.706886738051509","0.706886738051509","152","152","152","0.7052675448333429","0.7052675448333429","0.7052675448333429","152","152","152","0.6334403273009485","0.6334403273009485","0.6334403273009485"
"51","","","","","","","155","155","155","0.6543822840923705","0.6543822840923705","0.6543822840923705","","","","","","","155","155","155","0.7316237351104042","0.7316237351104042","0.7316237351104042","155","155","155","0.7002799719488766","0.7002799719488766","0.7002799719488766","155","155","155","0.6392880495188653","0.6392880495188653","0.6392880495188653"
"52","","","","","","","158","158","158","0.6547788259325321","0.6547788259325321","0.6547788259325321","","","","","","","158","158","158","0.7177843261198663","0.7177843261198663","0.7177843261198663","158","158","158","0.7001149898711447","0.7001149898711447","0.7001149898711447","158","158","158","0.6352248381539207","0.6352248381539207","0.6352248381539207"
"53","","","","","","","161","161","161","0.653613513270334","0.653613513270334","0.653613513270334","","","","","","","161","161","161","0.7282758732262153","0.7282758732262153","0.7282758732262153","161","161","161","0.6966900100823524","0.6966900100823524","0.6966900100823524","161","161","161","0.6378752500610698","0.6378752500610698","0.6378752500610698"
"54","","","","","","","164","164","164","0.6523077574617064","0.6523077574617064","0.6523077574617064","","","","","","","164","164","164","0.7247219360682826","0.7247219360682826","0.7247219360682826","164","164","164","0.7067565734076022","0.7067565734076022","0.7067565734076022","164","164","164","0.6395120687484822","0.6395120687484822","0.6395120687484822"
"55","","","","","","","167","167","167","0.6518762018859765","0.6518762018859765","0.6518762018859765","","","","","","","167","167","167","0.7346161965736172","0.7346161965736172","0.7346161965736172","167","167","167","0.7021772177997616","0.7021772177997616","0.7021772177997616","167","167","167","0.6428327238887656","0.6428327238887656","0.6428327238887656"
"56","","","","","","","170","170","170","0.6575833364496391","0.6575833364496391","0.6575833364496391","","","","","","","170","170","170","0.7240497358743183","0.7240497358743183","0.7240497358743183","170","170","170","0.722871633850435","0.722871633850435","0.722871633850435","170","170","170","0.6388221049481356","0.6388221049481356","0.6388221049481356"
"57","","","","","","","173","173","173","0.6606025090391371","0.6606025090391371","0.6606025090391371","","","","","","","173","173","173","0.725795771911236","0.725795771911236","0.725795771911236","173","173","173","0.721953634283602","0.721953634283602","0.721953634283602","173","173","173","0.6454804325348089","0.6454804325348089","0.6454804325348089"
"58","","","","","","","176","176","176","0.6536699845456522","0.6536699845456522","0.6536699845456522","","","","","","","176","176","176","0.7162139553079813","0.7162139553079813","0.7162139553079813","176","176","176","0.7220023145406855","0.7220023145406855","0.7220023145406855","176","176","176","0.6321299544383846","0.6321299544383846","0.6321299544383846"
"59","","","","","","","179","179","179","0.6624513827665433","0.6624513827665433","0.6624513827665433","","","","","","","179","179","179","0.7267105690542216","0.7267105690542216","0.7267105690542216","179","179","179","0.7088423653859462","0.7088423653859462","0.7088423653859462","179","179","179","0.6346616182802602","0.6346616182802602","0.6346616182802602"
"60","","","","","","","182","182","182","0.6605320027962817","0.6605320027962817","0.6605320027962817","","","","","","","182","182","182","0.7296200303041329","0.7296200303041329","0.7296200303041329","182","182","182","0.7106042295302682","0.7106042295302682","0.7106042295302682","182","182","182","0.6252882690922847","0.6252882690922847","0.6252882690922847"
"61","","","","","","","185","185","185","0.6613556142043159","0.6613556142043159","0.6613556142043159","","","","","","","185","185","185","0.7247106266569435","0.7247106266569435","0.7247106266569435","185","185","185","0.7280187871679179","0.7280187871679179","0.7280187871679179","185","185","185","0.6267377547724884","0.6267377547724884","0.6267377547724884"
"62","","","","","","","188","188","188","0.6606294779150579","0.6606294779150579","0.6606294779150579","","","","","","","188","188","188","0.7285071237223324","0.7285071237223324","0.7285071237223324","188","188","188","0.7306313202505549","0.7306313202505549","0.7306313202505549","188","188","188","0.6456071092761106","0.6456071092761106","0.6456071092761106"
"63","","","","","","","191","191","191","0.6627441221125036","0.6627441221125036","0.6627441221125036","","","","","","","191","191","191","0.7287901940569705","0.7287901940569705","0.7287901940569705","191","191","191","0.7185590464928591","0.7185590464928591","0.7185590464928591","191","191","191","0.641314513258801","0.641314513258801","0.641314513258801"
"64","","","","","","","194","194","194","0.6646939868313275","0.6646939868313275","0.6646939868313275","","","","","","","194","194","194","0.7290907998647401","0.7290907998647401","0.7290907998647401","194","194","194","0.7274143111205549","0.7274143111205549","0.7274143111205549","194","194","194","0.6457692579284545","0.6457692579284545","0.6457692579284545"
"65","","","","","","","197","197","197","0.6658926025047412","0.6658926025047412","0.6658926025047412","","","","","","","197","197","197","0.7272837124476792","0.7272837124476792","0.7272837124476792","197","197","197","0.735016566828888","0.735016566828888","0.735016566828888","197","197","197","0.647843648686081","0.647843648686081","0.647843648686081"
"66","","","","","","","200","200","200","0.6626237842610095","0.6626237842610095","0.6626237842610095","","","","","","","200","200","200","0.721775742919383","0.721775742919383","0.721775742919383","200","200","200","0.7196121637820305","0.7196121637820305","0.7196121637820305","200","200","200","0.6406175956651651","0.6406175956651651","0.6406175956651651"
"67","","","","","","","203","203","203","0.6622459740963104","0.6622459740963104","0.6622459740963104","","","","","","","203","203","203","0.7324731311054538","0.7324731311054538","0.7324731311054538","203","203","203","0.732741175839862","0.732741175839862","0.732741175839862","203","203","203","0.6452764311433669","0.6452764311433669","0.6452764311433669"
"68","","","","","","","206","206","206","0.6663416771721875","0.6663416771721875","0.6663416771721875","","","","","","","206","206","206","0.7182623122050814","0.7182623122050814","0.7182623122050814","206","206","206","0.7287910526817554","0.7287910526817554","0.7287910526817554","206","206","206","0.6431811342998031","0.6431811342998031","0.6431811342998031"
"69","","","","","","","209","209","209","0.6660107810774203","0.6660107810774203","0.6660107810774203","","","","","","","209","209","209","0.7308625135315403","0.7308625135315403","0.7308625135315403","209","209","209","0.726195625641481","0.726195625641481","0.726195625641481","209","209","209","0.6509106673320965","0.6509106673320965","0.6509106673320965"
"70","","","","","","","212","212","212","0.6655428403110107","0.6655428403110107","0.6655428403110107","","","","","","","212","212","212","0.7291682912903943","0.7291682912903943","0.7291682912903943","212","212","212","0.7367646310068034","0.7367646310068034","0.7367646310068034","212","212","212","0.6381826125682993","0.6381826125682993","0.6381826125682993"
"71","","","","","","","215","215","215","0.6637625080435049","0.6637625080435049","0.6637625080435049","","","","","","","215","215","215","0.7184100919551936","0.7184100919551936","0.7184100919551936","215","215","215","0.7407071331831543","0.7407071331831543","0.7407071331831543","215","215","215","0.6355965216272977","0.6355965216272977","0.6355965216272977"
"72","","","","","","","218","218","218","0.6635131967767417","0.6635131967767417","0.6635131967767417","","","","","","","218","218","218","0.7270426175232552","0.7270426175232552","0.7270426175232552","218","218","218","0.726676795153178","0.726676795153178","0.726676795153178","218","218","218","0.6472782893973192","0.6472782893973192","0.6472782893973192"
"73","","","","","","","221","221","221","0.669701039465668","0.669701039465668","0.669701039465668","","","","","","","221","221","221","0.7348428165440251","0.7348428165440251","0.7348428165440251","221","221","221","0.7222683917717164","0.7222683917717164","0.7222683917717164","221","221","221","0.6464459273284319","0.6464459273284319","0.6464459273284319"
"74","","","","","","","224","224","224","0.6646388844126915","0.6646388844126915","0.6646388844126915","","","","","","","224","224","224","0.7189128827708402","0.7189128827708402","0.7189128827708402","224","224","224","0.7358325287552024","0.7358325287552024","0.7358325287552024","224","224","224","0.6521266682491802","0.6521266682491802","0.6521266682491802"
"75","","","","","","","227","227","227","0.6724292168663679","0.6724292168663679","0.6724292168663679","","","","","","","227","227","227","0.7226405504089057","0.7226405504089057","0.7226405504089057","227","227","227","0.7340168111929264","0.7340168111929264","0.7340168111929264","227","227","227","0.6501445084502822","0.6501445084502822","0.6501445084502822"
"76","","","","","","","230","230","230","0.6653684908716928","0.6653684908716928","0.6653684908716928","","","","","","","230","230","230","0.732434907846629","0.732434907846629","0.732434907846629","230","230","230","0.7303405330397863","0.7303405330397863","0.7303405330397863","230","230","230","0.6314282299309357","0.6314282299309357","0.6314282299309357"
"77","","","","","","","233","233","233","0.670266958762802","0.670266958762802","0.670266958762802","","","","","","","233","233","233","0.7294369072594183","0.7294369072594183","0.7294369072594183","233","233","233","0.7309160058421847","0.7309160058421847","0.7309160058421847","233","233","233","0.6511532299104761","0.6511532299104761","0.6511532299104761"
"78","","","","","","","236","236","236","0.668278152134969","0.668278152134969","0.668278152134969","","","","","","","236","236","236","0.7287913824838139","0.7287913824838139","0.7287913824838139","236","236","236","0.7439087877612908","0.7439087877612908","0.7439087877612908","236","236","236","0.6490348945149289","0.6490348945149289","0.6490348945149289"
"79","","","","","","","239","239","239","0.6731937222324382","0.6731937222324382","0.6731937222324382","","","","","","","239","239","239","0.7388378825822366","0.7388378825822366","0.7388378825822366","239","239","239","0.7391147821156692","0.7391147821156692","0.7391147821156692","239","239","239","0.650247239256605","0.650247239256605","0.650247239256605"
"80","","","","","","","242","242","242","0.673441983003885","0.673441983003885","0.673441983003885","","","","","","","242","242","242","0.7201169489407429","0.7201169489407429","0.7201169489407429","242","242","242","0.7365947301116138","0.7365947301116138","0.7365947301116138","242","242","242","0.6504479729514971","0.6504479729514971","0.6504479729514971"
"81","","","","","","","245","245","245","0.6754288659637656","0.6754288659637656","0.6754288659637656","","","","","","","245","245","245","0.7218175333180104","0.7218175333180104","0.7218175333180104","245","245","245","0.737913647177647","0.737913647177647","0.737913647177647","245","245","245","0.6360777185356525","0.6360777185356525","0.6360777185356525"
"82","","","","","","","248","248","248","0.6698813109294826","0.6698813109294826","0.6698813109294826","","","","","","","248","248","248","0.7328787738722075","0.7328787738722075","0.7328787738722075","248","248","248","0.7208646394664552","0.7208646394664552","0.7208646394664552","248","248","248","0.6447103537801211","0.6447103537801211","0.6447103537801211"
"83","","","","","","","251","251","251","0.6697122501212961","0.6697122501212961","0.6697122501212961","","","","","","","251","251","251","0.7319809137011561","0.7319809137011561","0.7319809137011561","251","251","251","0.7353190758363705","0.7353190758363705","0.7353190758363705","251","251","251","0.6499919646400312","0.6499919646400312","0.6499919646400312"
"84","","","","","","","254","254","254","0.6732346788689054","0.6732346788689054","0.6732346788689054","","","","","","","254","254","254","0.7330146758262821","0.7330146758262821","0.7330146758262821","254","254","254","0.7474403592709244","0.7474403592709244","0.7474403592709244","254","254","254","0.6514482048608146","0.6514482048608146","0.6514482048608146"
"85","","","","","","","257","257","257","0.6741085993490309","0.6741085993490309","0.6741085993490309","","","","","","","257","257","257","0.7285932967735282","0.7285932967735282","0.7285932967735282","257","257","257","0.7384952242975464","0.7384952242975464","0.7384952242975464","257","257","257","0.6501266161860357","0.6501266161860357","0.6501266161860357"
"86","","","","","","","260","260","260","0.6745847035739979","0.6745847035739979","0.6745847035739979","","","","","","","260","260","260","0.7312976614270861","0.7312976614270861","0.7312976614270861","260","260","260","0.7473384219724216","0.7473384219724216","0.7473384219724216","260","260","260","0.6570317864097531","0.6570317864097531","0.6570317864097531"
"87","","","","","","","263","263","263","0.6755648623465565","0.6755648623465565","0.6755648623465565","","","","","","","263","263","263","0.7247529949763023","0.7247529949763023","0.7247529949763023","263","263","263","0.7382301810470121","0.7382301810470121","0.7382301810470121","263","263","263","0.6542675297586299","0.6542675297586299","0.6542675297586299"
"88","","","","","","","266","266","266","0.6716074613927233","0.6716074613927233","0.6716074613927233","","","","","","","266","266","266","0.7355104812967161","0.7355104812967161","0.7355104812967161","266","266","266","0.7491414302443776","0.7491414302443776","0.7491414302443776","266","266","266","0.6531882580192776","0.6531882580192776","0.6531882580192776"
"89","","","","","","","269","269","269","0.6723860787662994","0.6723860787662994","0.6723860787662994","","","","","","","269","269","269","0.7311587538215759","0.7311587538215759","0.7311587538215759","269","269","269","0.7334831707413131","0.7334831707413131","0.7334831707413131","269","269","269","0.6498535409476305","0.6498535409476305","0.6498535409476305"
"90","","","","","","","272","272","272","0.675430364129292","0.675430364129292","0.675430364129292","","","","","","","272","272","272","0.7190180080542746","0.7190180080542746","0.7190180080542746","272","272","272","0.7469086092055606","0.7469086092055606","0.7469086092055606","272","272","272","0.6410040728747806","0.6410040728747806","0.6410040728747806"
"91","","","","","","","275","275","275","0.6761809110154338","0.6761809110154338","0.6761809110154338","","","","","","","275","275","275","0.7213738414709833","0.7213738414709833","0.7213738414709833","275","275","275","0.7488221356912105","0.7488221356912105","0.7488221356912105","275","275","275","0.6519037573919344","0.6519037573919344","0.6519037573919344"
"92","","","","","","","278","278","278","0.6722041285416213","0.6722041285416213","0.6722041285416213","","","","","","","278","278","278","0.7237632329972329","0.7237632329972329","0.7237632329972329","278","278","278","0.7503675406407132","0.7503675406407132","0.7503675406407132","278","278","278","0.6562114251696516","0.6562114251696516","0.6562114251696516"
"93","","","","","","","281","281","281","0.6745036037660439","0.6745036037660439","0.6745036037660439","","","","","","","281","281","281","0.7371096285673822","0.7371096285673822","0.7371096285673822","281","281","281","0.7464488580775729","0.7464488580775729","0.7464488580775729","281","281","281","0.655273043037347","0.655273043037347","0.655273043037347"
"94","","","","","","","284","284","284","0.6716227805814363","0.6716227805814363","0.6716227805814363","","","","","","","284","284","284","0.7367605142163066","0.7367605142163066","0.7367605142163066","284","284","284","0.7363151918618736","0.7363151918618736","0.7363151918618736","284","284","284","0.6539524655781426","0.6539524655781426","0.6539524655781426"
"95","","","","","","","287","287","287","0.6758888821273409","0.6758888821273409","0.6758888821273409","","","","","","","287","287","287","0.7294782155753743","0.7294782155753743","0.7294782155753743","287","287","287","0.732265270033052","0.732265270033052","0.732265270033052","287","287","287","0.6548287390953115","0.6548287390953115","0.6548287390953115"
"96","","","","","","","290","290","290","0.6813489008370353","0.6813489008370353","0.6813489008370353","","","","","","","290","290","290","0.7336360662894842","0.7336360662894842","0.7336360662894842","290","290","290","0.7483496890571041","0.7483496890571041","0.7483496890571041","290","290","290","0.6568909743019509","0.6568909743019509","0.6568909743019509"
"97","","","","","","","293","293","293","0.6783758504319753","0.6783758504319753","0.6783758504319753","","","","","","","293","293","293","0.734828452605527","0.734828452605527","0.734828452605527","293","293","293","0.7493314843447817","0.7493314843447817","0.7493314843447817","","","","","",""
"98","","","","","","","296","296","296","0.6807722177653995","0.6807722177653995","0.6807722177653995","","","","","","","296","296","296","0.7384844266451422","0.7384844266451422","0.7384844266451422","296","296","296","0.7478446285199009","0.7478446285199009","0.7478446285199009","","","","","",""
"99","","","","","","","299","299","299","0.6758755554205103","0.6758755554205103","0.6758755554205103","","","","","","","299","299","299","0.7387603939133351","0.7387603939133351","0.7387603939133351","299","299","299","0.741803387915081","0.741803387915081","0.741803387915081","","","","","",""